FIRM,K,KT,KINT,SALES,ASSETS,INV,INVT,INVINT,LINV,LINVT,LINVINT,INVSALES,INVTSALES,INVINTSALES,INVK,INVTK,INVINTK,INVA,INVTA,INVINTA,LC,SC,LCSALES,SCSALES,EMPL,CR,CRLEVEL,AGE,WAGE,LEMPL,LWAGE,SIZE,score
0,21237,19339,1898,80721,159591,9707,9318,389,11.640,10.875,11.686,0.120,0.115,0.005,0.457,0.439,0.018,0.061,0.058,0.002,83633,163064,1.036,2.020,1676,0.325,low,1974.1232,49.900,7.424,3.910,large,85
1,1646,1487,159,3707,3381,373,75,298,11.554,10.682,11.685,0.101,0.020,0.080,0.227,0.046,0.181,0.110,0.022,0.088,4971,2114,1.341,0.570,,0.422,high,,,,,small,82
2,6931,6728,203,25301,21127,1545,1216,329,11.566,10.708,11.685,0.061,0.048,0.013,0.223,0.175,0.047,0.073,0.058,0.016,7698,14624,0.304,0.578,199,0.383,low,1967.1016,38.683,5.293,3.655,large,89
3,1131,1115,16,12143,10842,-114,-114,0,11.550,10.678,11.683,-0.009,-0.009,0.000,-0.101,-0.101,0.000,-0.011,-0.011,0.000,7068,9605,0.582,0.791,189,,low,1966.102,37.397,5.242,3.622,large,70
4,1691,1649,42,5263,7688,235,219,16,11.553,10.686,11.683,0.045,0.042,0.003,0.139,0.130,0.009,0.031,0.028,0.002,2908,3566,0.553,0.678,122,0.404,low,1969.112,23.836,4.804,3.171,small,85
5,179,149,30,4977,3063,-42,-31,-11,11.550,10.680,11.683,-0.008,-0.006,-0.002,-0.235,-0.173,-0.061,-0.014,-0.010,-0.004,3537,5755,0.711,1.156,,0.355,low,1965.05,,,,small,84
6,6899,6862,37,16583,23347,731,766,-35,11.558,10.698,11.682,0.044,0.046,-0.002,0.106,0.111,-0.005,0.031,0.033,-0.001,8697,12428,0.524,0.749,,0.440,high,1975.031,,,,large,90
7,3788,3788,0,12071,14032,987,677,310,11.560,10.696,11.685,0.082,0.056,0.026,0.261,0.179,0.082,0.070,0.048,0.022,7935,9352,0.657,0.775,248,0.413,high,1960.0125,31.996,5.513,3.466,large,75
8,28133,26355,1778,116867,68656,-2864,-1425,-1439,11.523,10.647,11.670,-0.025,-0.012,-0.012,-0.102,-0.051,-0.051,-0.042,-0.021,-0.021,36747,58642,0.314,0.502,945,0.521,high,1951.0128,38.886,6.851,3.661,large,83
9,2070,1321,749,10718,11990,2770,3156,-386,11.577,10.751,11.679,0.258,0.294,-0.036,1.338,1.525,-0.186,0.231,0.263,-0.032,5848,4764,0.546,0.444,134,0.394,low,1967.0804,43.642,4.898,3.776,small,76
10,230,173,57,6062,6710,54,-31,85,11.551,10.680,11.683,0.009,-0.005,0.014,0.235,-0.135,0.370,0.008,-0.005,0.013,4332,4979,0.715,0.821,84,0.415,high,1971.0406,51.571,4.431,3.943,small,90
11,20197,17977,2220,76257,71456,6875,363,6512,11.615,10.689,11.736,0.090,0.005,0.085,0.340,0.018,0.322,0.096,0.005,0.091,42832,43611,0.562,0.572,1079,0.460,high,1965.1116,39.696,6.984,3.681,large,96
12,12954,10869,2085,62834,70158,-727,-1324,597,11.544,10.650,11.688,-0.012,-0.021,0.010,-0.056,-0.102,0.046,-0.010,-0.019,0.009,39452,51769,0.628,0.824,933,0.465,high,1961.0604,42.285,6.838,3.744,large,93
13,2897,2840,57,8583,8247,721,735,-14,11.558,10.697,11.683,0.084,0.086,-0.002,0.249,0.254,-0.005,0.087,0.089,-0.002,9394,7196,1.094,0.838,212,0.407,high,1971.03,44.311,5.357,3.791,large,93
14,879,535,344,29864,23514,-408,-180,-228,11.547,10.676,11.681,-0.014,-0.006,-0.008,-0.464,-0.205,-0.259,-0.017,-0.008,-0.010,7653,4870,0.256,0.163,194,0.355,low,,39.448,5.268,3.675,large,83
15,17152,17049,103,30226,54628,2275,1805,470,11.573,10.721,11.687,0.075,0.060,0.016,0.133,0.105,0.027,0.042,0.033,0.009,17240,18190,0.570,0.602,139,0.500,high,1958.0918,124.029,4.934,4.821,large,77
16,55420,49620,5800,413016,553681,-5144,-6986,1842,11.500,10.506,11.698,-0.012,-0.017,0.004,-0.093,-0.126,0.033,-0.009,-0.013,0.003,135606,745969,0.328,1.806,2743,0.365,low,1960.043,49.437,7.917,3.901,large,88
17,18017,15318,2699,341343,282072,-203,-1760,1557,11.549,10.639,11.696,-0.001,-0.005,0.005,-0.011,-0.098,0.086,-0.001,-0.006,0.006,249416,208664,0.731,0.611,5544,0.380,low,1958.1215,44.988,8.620,3.806,large,75
18,1476,1429,47,10910,13235,4,-88,92,11.551,10.679,11.683,0.000,-0.008,0.008,0.003,-0.060,0.062,0.000,-0.007,0.007,6418,7084,0.588,0.649,100,0.393,low,,64.180,4.605,4.162,small,78
19,3097,3018,79,7696,8370,-15,-330,315,11.551,10.673,11.685,-0.002,-0.043,0.041,-0.005,-0.107,0.102,-0.002,-0.039,0.038,12000,4563,1.559,0.593,285,,low,,42.105,5.652,3.740,large,69
20,13023,11254,1769,126015,102911,5294,5396,-102,11.601,10.798,11.682,0.042,0.043,-0.001,0.407,0.414,-0.008,0.051,0.052,-0.001,51181,56033,0.406,0.445,1259,0.389,low,,40.652,7.138,3.705,large,76
21,3152,1910,1242,26244,16579,918,-509,1427,11.560,10.669,11.695,0.035,-0.019,0.054,0.291,-0.161,0.453,0.055,-0.031,0.086,10658,5477,0.406,0.209,249,0.345,low,,42.803,5.517,3.757,large,79
22,643,563,80,11071,9607,-171,-227,56,11.549,10.675,11.683,-0.015,-0.021,0.005,-0.266,-0.353,0.087,-0.018,-0.024,0.006,7990,8444,0.722,0.763,181,0.478,high,,44.144,5.198,3.787,large,94
23,4664,4544,120,14303,13760,377,386,-9,11.554,10.689,11.683,0.026,0.027,-0.001,0.081,0.083,-0.002,0.027,0.028,-0.001,5819,7755,0.407,0.542,159,0.440,high,,36.597,5.069,3.600,large,78
24,3958,3948,10,45640,50393,3847,3841,6,11.587,10.765,11.683,0.084,0.084,0.000,0.972,0.970,0.002,0.076,0.076,0.000,13479,14747,0.295,0.323,372,,low,1961.0126,36.234,5.919,3.590,large,56
25,8013,7996,17,47318,50393,1526,1535,-9,11.565,10.715,11.683,0.032,0.032,0.000,0.190,0.192,-0.001,0.030,0.030,0.000,14167,16066,0.299,0.340,379,,low,1961.0126,37.380,5.938,3.621,large,68
26,5931,5878,53,34641,24526,2807,2807,0,11.578,10.743,11.683,0.081,0.081,0.000,0.473,0.473,0.000,0.114,0.114,0.000,27424,19475,0.792,0.562,593,0.417,high,1958.0128,46.246,6.385,3.834,large,95
27,2412,2387,25,8428,8954,743,738,5,11.558,10.697,11.683,0.088,0.088,0.001,0.308,0.306,0.002,0.083,0.082,0.001,6712,2901,0.796,0.344,156,,low,,43.026,5.050,3.762,small,31
28,4757,4596,161,8681,13375,1954,1450,504,11.569,10.713,11.687,0.225,0.167,0.058,0.411,0.305,0.106,0.146,0.108,0.038,7457,8802,0.859,1.014,220,0.207,low,1978.0225,33.895,5.394,3.523,large,77
29,4771,4759,12,19751,31141,-363,-384,21,11.547,10.672,11.683,-0.018,-0.019,0.001,-0.076,-0.080,0.004,-0.012,-0.012,0.001,15942,10937,0.807,0.554,498,,low,1972.1216,32.012,6.211,3.466,large,68
30,1385,1385,0,4018,2607,-758,-824,66,11.544,10.662,11.683,-0.189,-0.205,0.016,-0.547,-0.595,0.048,-0.291,-0.316,0.025,5063,2925,1.260,0.728,113,,low,1961.0422,44.805,4.727,3.802,small,71
31,4309,4034,275,16480,15790,4027,2093,1934,11.589,10.728,11.699,0.244,0.127,0.117,0.935,0.486,0.449,0.255,0.133,0.122,14405,16216,0.874,0.984,334,,low,1964.0624,43.129,5.811,3.764,large,72
32,1195,946,249,3993,2987,993,-90,1083,11.560,10.679,11.692,0.249,-0.023,0.271,0.831,-0.075,0.906,0.332,-0.030,0.363,4113,7987,1.030,2.000,,0.382,low,,,,,small,81
33,289141,247422,41719,926644,688386,43981,59262,-15281,11.904,11.540,11.545,0.047,0.064,-0.016,0.152,0.205,-0.053,0.064,0.086,-0.022,522891,1009404,0.564,1.089,7528,0.482,high,1960.0524,69.459,8.926,4.241,large,90
34,2801,2782,19,10862,18276,414,427,-13,11.555,10.690,11.683,0.038,0.039,-0.001,0.148,0.152,-0.005,0.023,0.023,-0.001,9563,7246,0.880,0.667,330,0.397,low,1973.1003,28.979,5.799,3.367,large,77
35,8573,6350,2223,73494,65814,1826,160,1666,11.568,10.684,11.697,0.025,0.002,0.023,0.213,0.019,0.194,0.028,0.002,0.025,44792,30368,0.609,0.413,1139,0.337,low,1955.0112,39.326,7.038,3.672,large,91
36,3197,2862,335,9587,14135,3588,2596,992,11.585,10.739,11.691,0.374,0.271,0.103,1.122,0.812,0.310,0.254,0.184,0.070,9525,7116,0.994,0.742,213,0.394,low,1968.0216,44.718,5.361,3.800,large,76
37,4990,4929,61,51098,39047,605,531,74,11.557,10.693,11.683,0.012,0.010,0.001,0.121,0.106,0.015,0.015,0.014,0.002,20071,28988,0.393,0.567,388,0.366,low,1961.0808,51.729,5.961,3.946,large,81
38,1793,1652,141,4330,4221,407,180,227,11.555,10.685,11.685,0.094,0.042,0.052,0.227,0.100,0.127,0.096,0.043,0.054,6357,3441,1.468,0.795,180,0.451,high,1963.0212,35.317,5.193,3.564,large,90
39,2080,2033,47,20913,13939,2978,2973,5,11.579,10.747,11.683,0.142,0.142,0.000,1.432,1.429,0.002,0.214,0.213,0.000,16084,19076,0.769,0.912,399,0.427,high,1953.0928,40.311,5.989,3.697,large,86
40,15969,15548,421,89940,83262,1762,2048,-286,11.568,10.727,11.680,0.020,0.023,-0.003,0.110,0.128,-0.018,0.021,0.025,-0.003,15172,69365,0.169,0.771,309,0.463,high,1963.0624,49.100,5.733,3.894,large,89
41,4047,3955,92,5655,8029,1067,489,578,11.561,10.692,11.688,0.189,0.086,0.102,0.264,0.121,0.143,0.133,0.061,0.072,4573,3064,0.809,0.542,153,0.402,low,1975.0626,29.889,5.030,3.397,small,80
42,4596,4113,483,20481,24543,1259,1476,-217,11.563,10.714,11.681,0.061,0.072,-0.011,0.274,0.321,-0.047,0.051,0.060,-0.009,17130,25691,0.836,1.254,428,0.390,low,1973.041,40.023,6.059,3.689,large,85
43,517,512,5,2500,1457,-386,-387,1,11.547,10.672,11.683,-0.154,-0.155,0.000,-0.747,-0.749,0.002,-0.265,-0.266,0.001,1537,2768,0.615,1.107,44,0.422,high,1971.1104,34.932,3.784,3.553,small,83
44,3238,921,2317,23150,19513,-1803,303,-2106,11.533,10.688,11.665,-0.078,0.013,-0.091,-0.557,0.094,-0.650,-0.092,0.016,-0.108,4626,30519,0.200,1.318,85,0.415,high,1974.0612,54.424,4.443,3.997,large,96
45,11084,10514,570,79488,100242,1160,-1598,2758,11.562,10.643,11.706,0.015,-0.020,0.035,0.105,-0.144,0.249,0.012,-0.016,0.028,57690,89808,0.726,1.130,1130,0.401,low,,51.053,7.030,3.933,large,95
46,823,808,15,6317,5205,-113,-106,-7,11.550,10.678,11.683,-0.018,-0.017,-0.001,-0.137,-0.129,-0.009,-0.022,-0.020,-0.001,5871,5845,0.929,0.925,157,,low,1973.1228,37.395,5.056,3.622,small,72
47,768,637,131,19492,16942,116,152,-36,11.552,10.684,11.682,0.006,0.008,-0.002,0.151,0.198,-0.047,0.007,0.009,-0.002,7010,10731,0.360,0.551,219,0.429,high,1973.1031,32.009,5.389,3.466,large,86
48,2927,2185,742,16253,14749,-935,-461,-474,11.542,10.670,11.679,-0.058,-0.028,-0.029,-0.319,-0.157,-0.162,-0.063,-0.031,-0.032,5690,16574,0.350,1.020,124,0.350,low,1966.1116,45.887,4.820,3.826,large,87
49,724,594,130,12489,11587,-74,-175,101,11.550,10.677,11.684,-0.006,-0.014,0.008,-0.102,-0.242,0.140,-0.006,-0.015,0.009,8032,14308,0.643,1.146,161,0.250,low,1963.092,49.888,5.081,3.910,large,76
50,2306,2235,71,19111,33226,-201,-257,56,11.549,10.675,11.683,-0.011,-0.013,0.003,-0.087,-0.111,0.024,-0.006,-0.008,0.002,12939,14371,0.677,0.752,287,0.250,low,1974.1012,45.084,5.659,3.809,large,79
51,130432,114756,15676,595788,924465,29361,26796,2565,11.800,11.161,11.704,0.049,0.045,0.004,0.225,0.205,0.020,0.032,0.029,0.003,216387,529236,0.363,0.888,3002,0.381,low,1919.1202,72.081,8.007,4.278,large,85
52,17269,9119,8150,93177,74560,-4547,767,-5314,11.506,10.698,11.637,-0.049,0.008,-0.057,-0.263,0.044,-0.308,-0.061,0.010,-0.071,31469,74604,0.338,0.801,601,0.428,high,,52.361,6.399,3.958,large,78
53,2216,1661,555,5258,5044,-908,-657,-251,11.542,10.665,11.681,-0.173,-0.125,-0.048,-0.410,-0.296,-0.113,-0.180,-0.130,-0.050,4436,8329,0.844,1.584,,,low,1969.032,,,,small,72
54,785,222,563,28934,34635,-245,-3,-242,11.548,10.681,11.681,-0.008,0.000,-0.008,-0.312,-0.004,-0.308,-0.007,0.000,-0.007,17661,20463,0.610,0.707,345,0.392,low,1970.0404,51.191,5.844,3.936,large,91
55,268,131,137,9719,9500,-142,-29,-113,11.549,10.680,11.682,-0.015,-0.003,-0.012,-0.530,-0.108,-0.422,-0.015,-0.003,-0.012,6082,4680,0.626,0.482,134,0.384,low,,45.388,4.898,3.815,small,88
56,2488,2344,144,13755,12624,-822,-768,-54,11.543,10.663,11.682,-0.060,-0.056,-0.004,-0.330,-0.309,-0.022,-0.065,-0.061,-0.004,8113,8914,0.590,0.648,152,0.410,high,1973.0612,53.375,5.024,3.977,large,85
57,1900,1798,102,13772,10374,-523,-655,132,11.546,10.665,11.684,-0.038,-0.048,0.010,-0.275,-0.345,0.069,-0.050,-0.063,0.013,4600,20510,0.334,1.489,107,0.376,low,1983.123,42.991,4.673,3.761,large,81
58,979,976,3,1903,2753,650,264,386,11.557,10.687,11.686,0.342,0.139,0.203,0.664,0.270,0.394,0.236,0.096,0.140,2015,3058,1.059,1.607,,0.429,high,,,,,small,82
59,1151,800,351,6064,8521,588,793,-205,11.556,10.699,11.681,0.097,0.131,-0.034,0.511,0.689,-0.178,0.069,0.093,-0.024,6591,6465,1.087,1.066,142,0.317,low,1971.0428,46.415,4.956,3.838,small,97
60,7864,7459,405,38156,37163,6053,5828,225,11.607,10.806,11.685,0.159,0.153,0.006,0.770,0.741,0.029,0.163,0.157,0.006,33340,32989,0.874,0.865,870,0.422,high,1975.091,38.322,6.768,3.646,large,88
61,160708,153314,7394,1400838,809468,36183,42134,-5951,11.850,11.358,11.631,0.026,0.030,-0.004,0.225,0.262,-0.037,0.045,0.052,-0.007,476197,719821,0.340,0.514,10712,0.432,high,1973.1115,44.455,9.279,3.794,large,89
62,4212,1903,2309,21016,18614,-1802,-432,-1370,11.533,10.671,11.671,-0.086,-0.021,-0.065,-0.428,-0.103,-0.325,-0.097,-0.023,-0.074,15949,29326,0.759,1.395,293,0.379,low,1978.092,54.433,5.680,3.997,large,76
63,28017,27527,490,110546,128158,-4493,-4432,-61,11.507,10.573,11.682,-0.041,-0.040,-0.001,-0.160,-0.158,-0.002,-0.035,-0.035,0.000,58238,71211,0.527,0.644,1005,0.405,high,1968.1212,57.948,6.913,4.060,large,94
64,526,514,12,4264,3289,54,-75,129,11.551,10.679,11.684,0.013,-0.018,0.030,0.103,-0.143,0.245,0.016,-0.023,0.039,3645,6970,0.855,1.635,87,0.500,high,,41.897,4.466,3.735,small,92
65,2947,2637,310,17633,10180,2238,2478,-240,11.572,10.736,11.681,0.127,0.141,-0.014,0.759,0.841,-0.081,0.220,0.243,-0.024,15335,12634,0.870,0.716,386,0.404,high,,39.728,5.956,3.682,large,77
66,14656,11362,3294,69414,59504,-10158,-8845,-1313,11.448,10.453,11.672,-0.146,-0.127,-0.019,-0.693,-0.604,-0.090,-0.171,-0.149,-0.022,33017,58425,0.476,0.842,864,,low,1965.0624,38.214,6.762,3.643,large,55
67,955,898,57,8311,7334,6,23,-17,11.551,10.681,11.683,0.001,0.003,-0.002,0.006,0.024,-0.018,0.001,0.003,-0.002,2600,5983,0.313,0.720,54,0.437,high,1977.1108,48.148,3.989,3.874,small,89
68,1893,1775,118,11431,14224,1020,929,91,11.561,10.702,11.683,0.089,0.081,0.008,0.539,0.491,0.048,0.072,0.065,0.006,9424,20471,0.824,1.791,196,0.358,low,1977.0721,48.082,5.278,3.873,large,90
69,7892,7119,773,46487,33635,-2657,-1940,-717,11.525,10.635,11.677,-0.057,-0.042,-0.015,-0.337,-0.246,-0.091,-0.079,-0.058,-0.021,31185,33836,0.671,0.728,576,0.331,low,,54.141,6.356,3.992,large,79
70,1810,1117,693,14300,13375,-53,426,-479,11.550,10.690,11.679,-0.004,0.030,-0.033,-0.029,0.235,-0.265,-0.004,0.032,-0.036,12470,9997,0.872,0.699,310,0.403,low,,40.226,5.737,3.695,large,77
71,13943,11433,2510,196111,236542,-4865,-3935,-930,11.503,10.586,11.675,-0.025,-0.020,-0.005,-0.349,-0.282,-0.067,-0.021,-0.017,-0.004,115481,226946,0.589,1.157,2621,0.329,low,,44.060,7.871,3.786,large,79
72,29697,25671,4026,101846,211164,12216,-3452,15668,11.662,10.598,11.807,0.120,-0.034,0.154,0.411,-0.116,0.528,0.058,-0.016,0.074,49015,77375,0.481,0.760,1346,,low,1978.0508,36.415,7.205,3.595,large,59
73,32180,29432,2748,113562,211164,5848,-9220,15068,11.606,10.442,11.802,0.051,-0.081,0.133,0.182,-0.287,0.468,0.028,-0.044,0.071,52525,87550,0.463,0.771,1372,,low,1978.0508,38.284,7.224,3.645,large,66
74,2227,1981,246,34962,29828,3411,2985,426,11.583,10.747,11.686,0.098,0.085,0.012,1.532,1.340,0.191,0.114,0.100,0.014,16120,49447,0.461,1.414,373,0.399,low,1978.0518,43.217,5.922,3.766,large,82
75,10929,10890,39,12310,22023,2498,2467,31,11.575,10.736,11.683,0.203,0.200,0.003,0.229,0.226,0.003,0.113,0.112,0.001,7144,12600,0.580,1.024,244,,low,1975.102,29.279,5.497,3.377,small,31
76,498,365,133,3843,3580,89,-137,226,11.552,10.677,11.685,0.023,-0.036,0.059,0.179,-0.275,0.454,0.025,-0.038,0.063,4224,4566,1.099,1.188,93,0.411,high,1973.0804,45.419,4.533,3.816,small,91
77,4202,3584,618,30549,16082,-1184,-843,-341,11.539,10.661,11.680,-0.039,-0.028,-0.011,-0.282,-0.201,-0.081,-0.074,-0.052,-0.021,26726,27932,0.875,0.914,592,,low,1973.0413,45.145,6.384,3.810,large,49
78,866,373,493,14531,11748,-478,-239,-239,11.546,10.675,11.681,-0.033,-0.016,-0.016,-0.552,-0.276,-0.276,-0.041,-0.020,-0.020,6931,8222,0.477,0.566,125,0.417,high,,55.448,4.828,4.015,small,88
79,4472,2515,1957,26814,24646,-754,48,-802,11.544,10.682,11.676,-0.028,0.002,-0.030,-0.169,0.011,-0.179,-0.031,0.002,-0.033,21031,25630,0.784,0.956,393,0.413,high,,53.514,5.974,3.980,large,80
80,431,429,2,1511,1442,-68,-66,-2,11.550,10.679,11.683,-0.045,-0.044,-0.001,-0.158,-0.153,-0.005,-0.047,-0.046,-0.001,1149,782,0.760,0.518,,0.458,high,1985.0614,,,,small,86
81,323,322,1,5989,8667,1250,909,341,11.563,10.701,11.686,0.209,0.152,0.057,3.870,2.814,1.056,0.144,0.105,0.039,4019,11819,0.671,1.973,,0.409,high,1979.111,,,,small,80
82,350,334,16,3525,2629,-41,-49,8,11.550,10.680,11.683,-0.012,-0.014,0.002,-0.117,-0.140,0.023,-0.016,-0.019,0.003,1754,6613,0.498,1.876,,0.416,high,1979.1128,,,,small,81
83,1376,1166,210,8356,9467,1470,936,534,11.565,10.702,11.687,0.176,0.112,0.064,1.068,0.680,0.388,0.155,0.099,0.056,7612,10576,0.911,1.266,152,0.443,high,,50.079,5.024,3.914,large,76
84,512,401,111,4727,2988,282,-18,300,11.554,10.680,11.685,0.060,-0.004,0.063,0.551,-0.035,0.586,0.094,-0.006,0.100,2524,5159,0.534,1.091,91,0.433,high,,27.736,4.511,3.323,small,83
85,15828,14766,1062,57891,62915,5256,5689,-433,11.600,10.804,11.679,0.091,0.098,-0.007,0.332,0.359,-0.027,0.084,0.090,-0.007,51358,42730,0.887,0.738,1404,0.423,high,1976.0627,36.580,7.247,3.599,large,84
86,3717,3597,120,10448,8646,-664,-557,-107,11.544,10.668,11.682,-0.064,-0.053,-0.010,-0.179,-0.150,-0.029,-0.077,-0.064,-0.012,7054,6873,0.675,0.658,169,,low,1976.073,41.740,5.130,3.731,large,60
87,3786,3137,649,22957,28416,-269,61,-330,11.548,10.682,11.680,-0.012,0.003,-0.014,-0.071,0.016,-0.087,-0.009,0.002,-0.012,19440,16244,0.847,0.708,485,0.493,high,,40.082,6.184,3.691,large,86
88,357,351,6,12601,9036,-158,-190,32,11.549,10.676,11.683,-0.013,-0.015,0.003,-0.443,-0.532,0.090,-0.017,-0.021,0.004,3020,12328,0.240,0.978,85,0.350,low,,35.529,4.443,3.570,small,76
89,3665,3606,59,2771,5949,-152,-157,5,11.549,10.677,11.683,-0.055,-0.057,0.002,-0.041,-0.043,0.001,-0.026,-0.026,0.001,3548,1630,1.280,0.588,72,,low,,49.278,4.277,3.897,small,70
90,179,120,59,2722,2430,490,167,323,11.556,10.684,11.685,0.180,0.061,0.119,2.737,0.933,1.804,0.202,0.069,0.133,1038,3915,0.381,1.438,,0.395,low,,,,,small,83
91,8549,8517,32,18716,17790,-1140,-1315,175,11.540,10.650,11.684,-0.061,-0.070,0.009,-0.133,-0.154,0.020,-0.064,-0.074,0.010,5602,20109,0.299,1.074,155,0.337,low,1980.1104,36.142,5.043,3.587,large,92
92,8960,8195,765,22343,25020,-1944,-1604,-340,11.532,10.643,11.680,-0.087,-0.072,-0.015,-0.217,-0.179,-0.038,-0.078,-0.064,-0.014,20312,15252,0.909,0.683,494,0.449,high,,41.117,6.203,3.716,large,86
93,4375,3985,390,6694,7617,-65,243,-308,11.550,10.686,11.680,-0.010,0.036,-0.046,-0.015,0.056,-0.070,-0.009,0.032,-0.040,3042,4322,0.454,0.646,85,0.374,low,1977.0125,35.788,4.443,3.578,small,79
94,628,542,86,6026,2703,-220,-212,-8,11.549,10.676,11.683,-0.037,-0.035,-0.001,-0.350,-0.338,-0.013,-0.081,-0.078,-0.003,1769,7439,0.294,1.234,47,0.401,low,1982.072,37.638,3.850,3.628,small,86
95,345,152,193,1722,2558,63,-19,82,11.551,10.680,11.683,0.037,-0.011,0.048,0.183,-0.055,0.238,0.025,-0.007,0.032,1492,4815,0.866,2.796,58,0.380,low,,25.724,4.060,3.247,small,88
96,3523,3402,121,18240,14654,5483,4805,678,11.602,10.785,11.688,0.301,0.263,0.037,1.556,1.364,0.192,0.374,0.328,0.046,15187,21497,0.833,1.179,439,,low,,34.595,6.084,3.544,large,67
97,8765,8562,203,57933,49827,2163,2042,121,11.571,10.727,11.684,0.037,0.035,0.002,0.247,0.233,0.014,0.043,0.041,0.002,42113,59140,0.727,1.021,902,0.377,low,1980.0413,46.688,6.805,3.843,large,93
98,272,163,109,5355,3916,169,274,-105,11.552,10.687,11.682,0.032,0.051,-0.020,0.621,1.007,-0.386,0.043,0.070,-0.027,2274,6824,0.425,1.274,,0.399,low,1980.0516,,,,small,90
99,1576,1540,36,5010,4280,-90,-97,7,11.550,10.678,11.683,-0.018,-0.019,0.001,-0.057,-0.062,0.004,-0.021,-0.023,0.002,3182,4531,0.635,0.904,,,low,1980.0724,,,,small,64
100,167,151,16,5583,4185,244,247,-3,11.553,10.686,11.683,0.044,0.044,-0.001,1.461,1.479,-0.018,0.058,0.059,-0.001,5386,3353,0.965,0.601,98,0.466,high,,54.959,4.585,4.007,small,85
101,674,551,123,4882,4671,578,628,-50,11.556,10.695,11.682,0.118,0.129,-0.010,0.858,0.932,-0.074,0.124,0.134,-0.011,3475,3521,0.712,0.721,,,low,1980.122,,,,small,39
102,351,345,6,2226,1217,446,346,100,11.555,10.689,11.684,0.200,0.155,0.045,1.271,0.986,0.285,0.366,0.284,0.082,1058,2015,0.475,0.905,,,low,1990.0112,,,,small,60
103,664,513,151,6626,6332,1387,873,514,11.564,10.701,11.687,0.209,0.132,0.078,2.089,1.315,0.774,0.219,0.138,0.081,5478,6028,0.827,0.910,,0.449,high,1978.0126,,,,small,89
104,324,274,50,7029,4593,141,114,27,11.552,10.683,11.683,0.020,0.016,0.004,0.435,0.352,0.083,0.031,0.025,0.006,4324,7239,0.615,1.030,95,0.350,low,1978.0116,45.516,4.554,3.818,small,83
105,5160,3896,1264,19516,18986,422,1169,-747,11.555,10.707,11.676,0.022,0.060,-0.038,0.082,0.227,-0.145,0.022,0.062,-0.039,9853,13708,0.505,0.702,278,,low,1978.1106,35.442,5.628,3.568,large,73
106,1525,1046,479,3229,3589,437,552,-115,11.555,10.693,11.682,0.135,0.171,-0.036,0.287,0.362,-0.075,0.122,0.154,-0.032,1902,3601,0.589,1.115,,0.391,low,1996.1224,,,,small,85
107,474,313,161,5131,3491,263,36,227,11.553,10.681,11.685,0.051,0.007,0.044,0.555,0.076,0.479,0.075,0.010,0.065,5327,5603,1.038,1.092,78,,low,1983.052,68.295,4.357,4.224,small,65
108,74409,47907,26502,894979,276270,-7344,-2646,-4698,11.478,10.618,11.642,-0.008,-0.003,-0.005,-0.099,-0.036,-0.063,-0.027,-0.010,-0.017,102281,89880,0.114,0.100,1129,0.461,high,1960.0132,90.594,7.029,4.506,large,85
109,3803,3595,208,10712,12151,-550,-513,-37,11.546,10.669,11.682,-0.051,-0.048,-0.003,-0.145,-0.135,-0.010,-0.045,-0.042,-0.003,10619,11238,0.991,1.049,276,0.409,high,1970.1016,38.475,5.620,3.650,large,78
110,17662,17632,30,58561,56581,2749,2774,-25,11.577,10.742,11.683,0.047,0.047,0.000,0.156,0.157,-0.001,0.049,0.049,0.000,31827,61562,0.543,1.051,779,0.324,low,1984.092,40.856,6.658,3.710,large,80
111,29959,25600,4359,225299,395369,-3078,-3486,408,11.521,10.597,11.686,-0.014,-0.015,0.002,-0.103,-0.116,0.014,-0.008,-0.009,0.001,117157,162099,0.520,0.719,2651,0.417,high,,44.194,7.883,3.789,large,97
112,12908,8798,4110,15816,22532,-2947,-1101,-1846,11.522,10.655,11.667,-0.186,-0.070,-0.117,-0.228,-0.085,-0.143,-0.131,-0.049,-0.082,16539,9180,1.046,0.580,492,0.399,low,1979.0428,33.616,6.198,3.515,large,77
113,1568,1536,32,9565,10791,2261,2261,0,11.572,10.731,11.683,0.236,0.236,0.000,1.442,1.442,0.000,0.210,0.210,0.000,6321,9965,0.661,1.042,194,0.373,low,1979.0529,32.582,5.268,3.484,large,87
114,908,802,106,12023,9224,68,-146,214,11.551,10.677,11.685,0.006,-0.012,0.018,0.075,-0.161,0.236,0.007,-0.016,0.023,5438,8015,0.452,0.667,144,0.413,high,1979.062,37.764,4.970,3.631,small,79
115,65,30,35,999,657,95,125,-30,11.552,10.684,11.682,0.095,0.125,-0.030,1.462,1.923,-0.462,0.145,0.190,-0.046,712,903,0.713,0.904,,,low,1984.0627,,,,small,68
116,1036,495,541,8047,5677,-201,-52,-149,11.549,10.679,11.681,-0.025,-0.006,-0.019,-0.194,-0.050,-0.144,-0.035,-0.009,-0.026,4085,4175,0.508,0.519,106,0.439,high,1979.0914,38.538,4.663,3.652,large,77
117,1783,1440,343,24577,19450,313,293,20,11.554,10.687,11.683,0.013,0.012,0.001,0.176,0.164,0.011,0.016,0.015,0.001,16578,9854,0.675,0.401,372,,low,1980.0323,44.565,5.919,3.797,large,72
118,2562,2388,174,32530,30057,3625,3555,70,11.585,10.759,11.683,0.111,0.109,0.002,1.415,1.388,0.027,0.121,0.118,0.002,16975,21592,0.522,0.664,359,0.327,low,1980.0226,47.284,5.883,3.856,large,78
119,235,183,52,6262,5128,393,82,311,11.555,10.683,11.685,0.063,0.013,0.050,1.672,0.349,1.323,0.077,0.016,0.061,4531,8209,0.724,1.311,118,0.350,low,1980.052,38.398,4.771,3.648,small,76
120,98,97,1,963,699,4,0,4,11.551,10.681,11.683,0.004,0.000,0.004,0.041,0.000,0.041,0.006,0.000,0.006,1412,1715,1.466,1.781,,,low,,,,,small,35
121,1850,1830,20,15749,8127,-56,-48,-8,11.550,10.680,11.683,-0.004,-0.003,-0.001,-0.030,-0.026,-0.004,-0.007,-0.006,-0.001,7653,13666,0.486,0.868,207,0.421,high,,36.971,5.333,3.610,large,94
122,22644,19007,3637,176481,278788,3482,5105,-1623,11.584,10.792,11.669,0.020,0.029,-0.009,0.154,0.225,-0.072,0.012,0.018,-0.006,82729,99930,0.469,0.566,1813,,low,1980.1216,45.631,7.503,3.821,large,69
123,21905,18782,3123,182560,278788,4221,5330,-1109,11.591,10.796,11.673,0.023,0.029,-0.006,0.193,0.243,-0.051,0.015,0.019,-0.004,59562,67374,0.326,0.369,1239,,low,1980.1216,48.073,7.122,3.873,large,70
124,2490,1869,621,37902,25168,5692,4780,912,11.604,10.785,11.690,0.150,0.126,0.024,2.286,1.920,0.366,0.226,0.190,0.036,24116,22495,0.636,0.594,509,0.382,low,1979.122,47.379,6.232,3.858,large,81
125,47,29,18,3719,3612,46,15,31,11.551,10.681,11.683,0.012,0.004,0.008,0.979,0.319,0.660,0.013,0.004,0.009,3169,4204,0.852,1.130,72,0.463,high,1985.0116,44.014,4.277,3.785,small,78
126,6744,2619,4125,25759,29197,-2955,-1097,-1858,11.522,10.655,11.667,-0.115,-0.043,-0.072,-0.438,-0.163,-0.276,-0.101,-0.038,-0.064,24596,32221,0.955,1.251,538,0.397,low,1980.0114,45.717,6.288,3.822,large,86
127,987,812,175,14661,37369,1631,159,1472,11.566,10.684,11.695,0.111,0.011,0.100,1.652,0.161,1.491,0.044,0.004,0.039,7164,19233,0.489,1.312,151,0.415,high,1985.1028,47.444,5.017,3.860,large,90
128,409,399,10,5974,7323,287,136,151,11.554,10.684,11.684,0.048,0.023,0.025,0.702,0.333,0.369,0.039,0.019,0.021,5493,7457,0.919,1.248,76,0.420,high,1985.1204,72.276,4.331,4.280,small,85
129,343,308,35,7199,4396,-12,23,-35,11.551,10.681,11.682,-0.002,0.003,-0.005,-0.035,0.067,-0.102,-0.003,0.005,-0.008,2079,6202,0.289,0.862,42,,low,1981.113,49.500,3.738,3.902,small,72
130,10933,10464,469,47714,31259,2127,1656,471,11.571,10.718,11.687,0.045,0.035,0.010,0.195,0.151,0.043,0.068,0.053,0.015,26454,67540,0.554,1.416,662,0.381,low,,39.961,6.495,3.688,large,77
131,2155,214,1941,8932,11176,1785,124,1661,11.568,10.683,11.697,0.200,0.014,0.186,0.828,0.058,0.771,0.160,0.011,0.149,21650,22484,2.424,2.517,333,,low,1976.1008,65.015,5.808,4.175,large,38
132,49489,48564,925,144411,203809,-10283,-10118,-165,11.447,10.416,11.681,-0.071,-0.070,-0.001,-0.208,-0.204,-0.003,-0.050,-0.050,-0.001,131514,147480,0.911,1.021,2646,0.418,high,1980.0927,49.703,7.881,3.906,large,77
133,6823,5272,1551,13047,22769,445,142,303,11.555,10.684,11.685,0.034,0.011,0.023,0.065,0.021,0.044,0.020,0.006,0.013,17869,7181,1.370,0.550,485,0.458,high,1980.122,36.843,6.184,3.607,large,81
134,858,754,104,3585,3611,438,63,375,11.555,10.682,11.686,0.122,0.018,0.105,0.510,0.073,0.437,0.121,0.017,0.104,5073,5831,1.415,1.626,128,0.500,high,1980.122,39.633,4.852,3.680,small,87
135,7247,6852,395,27996,23210,2580,2869,-289,11.575,10.744,11.680,0.092,0.102,-0.010,0.356,0.396,-0.040,0.111,0.124,-0.012,16081,26760,0.574,0.956,465,0.416,high,1988.0228,34.583,6.142,3.543,large,84
136,1688,1386,302,10445,13795,1015,106,909,11.561,10.683,11.690,0.097,0.010,0.087,0.601,0.063,0.539,0.074,0.008,0.066,5481,7820,0.525,0.749,133,0.351,low,1991.1012,41.211,4.890,3.719,small,76
137,4634,4254,380,34977,34060,3192,2304,888,11.581,10.732,11.690,0.091,0.066,0.025,0.689,0.497,0.192,0.094,0.068,0.026,21097,27611,0.603,0.789,589,,low,1982.092,35.818,6.378,3.578,large,73
138,481,253,228,42525,62333,289,439,-150,11.554,10.691,11.681,0.007,0.010,-0.004,0.601,0.913,-0.312,0.005,0.007,-0.002,36451,35167,0.857,0.827,689,0.382,low,1988.062,52.904,6.535,3.968,large,80
139,247,246,1,8818,4962,-10,-15,5,11.551,10.680,11.683,-0.001,-0.002,0.001,-0.040,-0.061,0.020,-0.002,-0.003,0.001,7758,9887,0.880,1.121,201,0.472,high,1988.1206,38.597,5.303,3.653,large,80
140,2449,2418,31,27631,17730,4344,4254,90,11.592,10.774,11.683,0.157,0.154,0.003,1.774,1.737,0.037,0.245,0.240,0.005,6561,15482,0.237,0.560,212,0.390,low,1992.1008,30.948,5.357,3.432,large,82
141,663,663,0,6838,6722,934,746,188,11.560,10.698,11.684,0.137,0.109,0.027,1.409,1.125,0.284,0.139,0.111,0.028,3988,4591,0.583,0.671,133,0.443,high,,29.985,4.890,3.401,small,94
142,2606,2575,31,6194,8034,-370,-354,-16,11.547,10.672,11.683,-0.060,-0.057,-0.003,-0.142,-0.136,-0.006,-0.046,-0.044,-0.002,5304,7966,0.856,1.286,122,0.457,high,1977.0408,43.475,4.804,3.772,large,79
143,20481,19908,573,46032,76855,4963,-75,5038,11.598,10.679,11.724,0.108,-0.002,0.109,0.242,-0.004,0.246,0.065,-0.001,0.066,29416,42108,0.639,0.915,453,0.373,low,1977.0125,64.936,6.116,4.173,large,89
144,1511,1449,62,25208,17507,31,82,-51,11.551,10.683,11.682,0.001,0.003,-0.002,0.021,0.054,-0.034,0.002,0.005,-0.003,12477,29985,0.495,1.190,231,0.385,low,1983.12,54.013,5.442,3.989,large,88
145,920,880,40,4665,4045,338,304,34,11.554,10.688,11.683,0.072,0.065,0.007,0.367,0.330,0.037,0.084,0.075,0.008,4716,3662,1.011,0.785,118,0.378,low,1990.0417,39.966,4.771,3.688,small,78
146,1123,168,955,36830,23890,-138,16,-154,11.550,10.681,11.681,-0.004,0.000,-0.004,-0.123,0.014,-0.137,-0.006,0.001,-0.006,10726,15710,0.291,0.427,244,0.426,high,1983.1025,43.959,5.497,3.783,large,77
147,3114,2945,169,30285,22132,10627,10707,-80,11.648,10.901,11.682,0.351,0.354,-0.003,3.413,3.438,-0.026,0.480,0.484,-0.004,25232,18901,0.833,0.624,612,0.387,low,1995.0524,41.229,6.417,3.719,large,90
148,674,666,8,2435,1566,550,557,-7,11.556,10.693,11.683,0.226,0.229,-0.003,0.816,0.826,-0.010,0.351,0.356,-0.004,1658,1389,0.681,0.570,,0.437,high,1984.0808,,,,small,85
149,1052,535,517,12808,6355,141,214,-73,11.552,10.686,11.682,0.011,0.017,-0.006,0.134,0.203,-0.069,0.022,0.034,-0.011,5642,7855,0.441,0.613,131,0.371,low,1984.0906,43.069,4.875,3.763,small,82
150,105,99,6,4901,1936,39,44,-5,11.551,10.682,11.683,0.008,0.009,-0.001,0.371,0.419,-0.048,0.020,0.023,-0.003,545,1550,0.111,0.316,17,0.390,low,,32.059,2.833,3.468,small,85
151,2025,1928,97,10039,7354,165,-47,212,11.552,10.680,11.684,0.016,-0.005,0.021,0.081,-0.023,0.105,0.022,-0.006,0.029,8869,10565,0.883,1.052,211,,low,1985.0928,42.033,5.352,3.738,large,66
152,467,263,204,3769,7372,507,-29,536,11.556,10.680,11.687,0.135,-0.008,0.142,1.086,-0.062,1.148,0.069,-0.004,0.073,1219,5097,0.323,1.352,,,low,1991.1002,,,,small,44
153,930,277,653,4152,7372,44,-43,87,11.551,10.680,11.683,0.011,-0.010,0.021,0.047,-0.046,0.094,0.006,-0.006,0.012,728,3482,0.175,0.839,,,low,1991.1002,,,,small,61
154,241,188,53,3417,2295,-91,-44,-47,11.550,10.680,11.682,-0.027,-0.013,-0.014,-0.378,-0.183,-0.195,-0.040,-0.019,-0.020,2233,8924,0.653,2.612,,0.397,low,1996.0413,,,,small,76
155,972,154,818,5133,3981,227,-24,251,11.553,10.680,11.685,0.044,-0.005,0.049,0.234,-0.025,0.258,0.057,-0.006,0.063,5045,6413,0.983,1.249,,0.401,low,1996.1024,,,,small,82
156,499,256,243,3221,3902,-218,-4,-214,11.549,10.681,11.681,-0.068,-0.001,-0.066,-0.437,-0.008,-0.429,-0.056,-0.001,-0.055,2512,3460,0.780,1.074,58,,low,1996.1206,43.310,4.060,3.768,small,73
157,495,462,33,3728,5390,1090,569,521,11.561,10.694,11.687,0.292,0.153,0.140,2.202,1.149,1.053,0.202,0.106,0.097,2437,2801,0.654,0.751,63,0.410,high,1985.0924,38.683,4.143,3.655,small,82
158,1452,874,578,10675,10867,-371,-40,-331,11.547,10.680,11.680,-0.035,-0.004,-0.031,-0.256,-0.028,-0.228,-0.034,-0.004,-0.030,6353,5436,0.595,0.509,176,0.386,low,1978.0516,36.097,5.170,3.586,small,86
159,6188,6187,1,32271,19299,291,259,32,11.554,10.687,11.683,0.009,0.008,0.001,0.047,0.042,0.005,0.015,0.013,0.002,7764,13033,0.241,0.404,154,0.461,high,1997.0927,50.416,5.037,3.920,large,90
160,273,128,145,1747,1313,59,-56,115,11.551,10.679,11.684,0.034,-0.032,0.066,0.216,-0.205,0.421,0.045,-0.043,0.088,1329,1230,0.761,0.704,,0.478,high,1986.0828,,,,small,89
161,36042,35567,475,191790,164631,10419,10662,-243,11.646,10.900,11.681,0.054,0.056,-0.001,0.289,0.296,-0.007,0.063,0.065,-0.001,97063,197949,0.506,1.032,1781,0.371,low,1980.1008,54.499,7.485,3.998,large,97
162,6482,5929,553,16540,19818,-252,-936,684,11.548,10.659,11.688,-0.015,-0.057,0.041,-0.039,-0.144,0.106,-0.013,-0.047,0.035,15329,9314,0.927,0.563,403,0.442,high,1980.1112,38.037,5.999,3.639,large,91
163,194,193,1,3405,2232,80,52,28,11.552,10.682,11.683,0.023,0.015,0.008,0.412,0.268,0.144,0.036,0.023,0.013,3192,4602,0.937,1.352,,0.412,high,1987.0616,,,,small,79
164,1308,891,417,22749,17938,1283,1189,94,11.563,10.708,11.684,0.056,0.052,0.004,0.981,0.909,0.072,0.072,0.066,0.005,4310,11670,0.189,0.513,134,0.406,high,1987.0721,32.164,4.898,3.471,large,87
165,1408,846,562,3610,2998,-375,29,-404,11.547,10.681,11.679,-0.104,0.008,-0.112,-0.266,0.021,-0.287,-0.125,0.010,-0.135,700,5059,0.194,1.401,,0.482,high,1987.0704,,,,small,77
166,12463,12422,41,14875,27926,2371,2060,311,11.573,10.727,11.685,0.159,0.138,0.021,0.190,0.165,0.025,0.085,0.074,0.011,25067,12572,1.685,0.845,522,,low,1981.1014,48.021,6.258,3.872,large,71
167,123,123,0,5879,3686,192,173,19,11.553,10.685,11.683,0.033,0.029,0.003,1.561,1.407,0.154,0.052,0.047,0.005,4541,3205,0.772,0.545,84,0.430,high,2002.0806,54.060,4.431,3.990,small,82
168,349,84,265,6227,6201,-101,103,-204,11.550,10.683,11.681,-0.016,0.017,-0.033,-0.289,0.295,-0.585,-0.016,0.017,-0.033,3091,6817,0.496,1.095,67,,low,1989.0104,46.134,4.205,3.832,small,72
169,793,699,94,6390,3871,-98,-80,-18,11.550,10.679,11.683,-0.015,-0.013,-0.003,-0.124,-0.101,-0.023,-0.025,-0.021,-0.005,6528,3825,1.022,0.599,109,0.450,high,1982.0404,59.890,4.691,4.093,small,88
170,259,249,10,1787,1779,-69,-63,-6,11.550,10.679,11.683,-0.039,-0.035,-0.003,-0.266,-0.243,-0.023,-0.039,-0.035,-0.003,893,2174,0.500,1.217,,,low,1997.0912,,,,small,64
171,7,6,1,557,455,73,34,39,11.552,10.681,11.683,0.131,0.061,0.070,10.429,4.857,5.571,0.160,0.075,0.086,951,682,1.707,1.224,,0.358,low,1997.1212,,,,small,75
172,1359,1330,29,6116,4092,1211,1058,153,11.562,10.705,11.684,0.198,0.173,0.025,0.891,0.779,0.113,0.296,0.259,0.037,6090,8501,0.996,1.390,177,0.392,low,1990.0306,34.407,5.176,3.538,small,75
173,24651,20841,3810,60104,58377,-1937,1263,-3200,11.532,10.709,11.655,-0.032,0.021,-0.053,-0.079,0.051,-0.130,-0.033,0.022,-0.055,45431,46602,0.756,0.775,1209,0.384,low,1998.0225,37.577,7.098,3.626,large,82
174,5397,4945,452,5848,8627,1945,1715,230,11.569,10.719,11.685,0.333,0.293,0.039,0.360,0.318,0.043,0.225,0.199,0.027,5077,6860,0.868,1.173,96,,low,1990.0516,52.885,4.564,3.968,small,31
175,1770,1688,82,1142,2352,23,51,-28,11.551,10.682,11.682,0.020,0.045,-0.025,0.013,0.029,-0.016,0.010,0.022,-0.012,1276,843,1.117,0.738,,,low,1998.042,,,,small,70
176,694,656,38,12116,8016,-302,-300,-2,11.548,10.674,11.683,-0.025,-0.025,0.000,-0.435,-0.432,-0.003,-0.038,-0.037,0.000,6639,14129,0.548,1.166,139,0.411,high,1982.0924,47.763,4.934,3.866,small,75
177,594,38,556,1177,1603,17,13,4,11.551,10.681,11.683,0.014,0.011,0.003,0.029,0.022,0.007,0.011,0.008,0.002,897,1221,0.762,1.037,,,low,1982.1008,,,,small,70
178,260,180,80,4360,3331,1649,1691,-42,11.567,10.719,11.682,0.378,0.388,-0.010,6.342,6.504,-0.162,0.495,0.508,-0.013,2977,5814,0.683,1.333,,0.426,high,1983.0413,,,,small,88
179,713,684,29,2567,2211,63,53,10,11.551,10.682,11.683,0.025,0.021,0.004,0.088,0.074,0.014,0.028,0.024,0.005,2620,4676,1.021,1.822,78,0.412,high,1992.011,33.590,4.357,3.514,small,78
180,6679,6638,41,86837,36000,735,658,77,11.558,10.696,11.683,0.008,0.008,0.001,0.110,0.099,0.012,0.020,0.018,0.002,9113,26543,0.105,0.306,196,,low,1982.1224,46.495,5.278,3.839,large,54
181,303,276,27,2314,2423,-53,-39,-14,11.550,10.680,11.683,-0.023,-0.017,-0.006,-0.175,-0.129,-0.046,-0.022,-0.016,-0.006,929,2415,0.401,1.044,,,low,1992.0125,,,,small,67
182,5142,3804,1338,14005,17908,-1795,-835,-960,11.533,10.661,11.675,-0.128,-0.060,-0.069,-0.349,-0.162,-0.187,-0.100,-0.047,-0.054,14764,11446,1.054,0.817,285,,low,1983.0612,51.804,5.652,3.947,large,71
183,1259,1250,9,5464,4606,489,481,8,11.556,10.692,11.683,0.089,0.088,0.001,0.388,0.382,0.006,0.106,0.104,0.002,3572,5953,0.654,1.089,102,0.315,low,1992.0103,35.020,4.625,3.556,large,81
184,150,86,64,2320,1475,256,47,209,11.553,10.682,11.684,0.110,0.020,0.090,1.707,0.313,1.393,0.174,0.032,0.142,1228,2290,0.529,0.987,31,0.435,high,,39.613,3.434,3.679,small,89
185,1511,1366,145,9298,6877,1402,1251,151,11.564,10.709,11.684,0.151,0.135,0.016,0.928,0.828,0.100,0.204,0.182,0.022,3853,12555,0.414,1.350,109,0.457,high,1992.0508,35.349,4.691,3.565,small,79
186,60565,43192,17373,288885,368738,4251,8551,-4300,11.591,10.860,11.646,0.015,0.030,-0.015,0.070,0.141,-0.071,0.012,0.023,-0.012,226772,375185,0.785,1.299,3753,0.132,low,1985.0905,60.424,8.230,4.101,large,87
187,3288,3224,64,33233,26988,-1395,-737,-658,11.537,10.664,11.677,-0.042,-0.022,-0.020,-0.424,-0.224,-0.200,-0.052,-0.027,-0.024,6226,20454,0.187,0.615,118,,low,,52.763,4.771,3.966,large,68
188,14961,14865,96,38647,36500,2287,2322,-35,11.573,10.733,11.682,0.059,0.060,-0.001,0.153,0.155,-0.002,0.063,0.064,-0.001,18501,19022,0.479,0.492,460,,low,,40.220,6.131,3.694,large,67
189,6377,5336,1041,58748,36740,4011,3529,482,11.589,10.759,11.687,0.068,0.060,0.008,0.629,0.553,0.076,0.109,0.096,0.013,49333,31457,0.840,0.535,1169,0.384,low,1992.102,42.201,7.064,3.742,large,90
190,1181,194,987,3853,4212,-370,-23,-347,11.547,10.680,11.680,-0.096,-0.006,-0.090,-0.313,-0.019,-0.294,-0.088,-0.005,-0.082,3236,3533,0.840,0.917,79,0.493,high,1985.122,40.962,4.369,3.713,small,85
191,5200,5025,175,20969,19794,-2116,-2016,-100,11.530,10.633,11.682,-0.101,-0.096,-0.005,-0.407,-0.388,-0.019,-0.107,-0.102,-0.005,23001,29942,1.097,1.428,545,0.408,high,1992.052,42.204,6.301,3.743,large,80
192,206,102,104,5179,2847,-25,50,-75,11.551,10.682,11.682,-0.005,0.010,-0.014,-0.121,0.243,-0.364,-0.009,0.018,-0.026,3790,2771,0.732,0.535,79,0.382,low,1986.0132,47.975,4.369,3.871,small,83
193,162,91,71,2006,1444,70,-36,106,11.552,10.680,11.684,0.035,-0.018,0.053,0.432,-0.222,0.654,0.048,-0.025,0.073,1386,2037,0.691,1.015,,0.418,high,1993.0328,,,,small,75
194,792,497,295,8725,5934,-318,-153,-165,11.548,10.677,11.681,-0.036,-0.018,-0.019,-0.402,-0.193,-0.208,-0.054,-0.026,-0.028,5062,7026,0.580,0.805,126,0.383,low,1992.1022,40.175,4.836,3.693,small,78
195,2925,2518,407,23993,19146,1714,1817,-103,11.567,10.722,11.682,0.071,0.076,-0.004,0.586,0.621,-0.035,0.090,0.095,-0.005,18170,13657,0.757,0.569,410,0.426,high,1984.0608,44.317,6.016,3.791,large,81
196,829,381,448,16611,14515,38,56,-18,11.551,10.682,11.683,0.002,0.003,-0.001,0.046,0.068,-0.022,0.003,0.004,-0.001,8454,19360,0.509,1.165,172,,low,1993.0316,49.151,5.147,3.895,large,65
197,1021,754,267,10173,4968,-202,-49,-153,11.549,10.680,11.681,-0.020,-0.005,-0.015,-0.198,-0.048,-0.150,-0.041,-0.010,-0.031,5505,10649,0.541,1.047,172,,low,1984.0128,32.006,5.147,3.466,small,55
198,973,890,83,3504,6395,655,402,253,11.557,10.690,11.685,0.187,0.115,0.072,0.673,0.413,0.260,0.102,0.063,0.040,5502,4138,1.570,1.181,190,0.416,high,1985.0304,28.958,5.247,3.366,small,86
199,68,50,18,1265,896,451,436,15,11.555,10.691,11.683,0.357,0.345,0.012,6.632,6.412,0.221,0.503,0.487,0.017,834,1200,0.659,0.949,,0.273,low,1994.123,,,,small,89
200,2710,2655,55,15153,24021,2485,1860,625,11.574,10.722,11.688,0.164,0.123,0.041,0.917,0.686,0.231,0.103,0.077,0.026,12476,15983,0.823,1.055,354,,low,1985.0626,35.243,5.869,3.562,large,72
201,3567,3523,44,13061,24021,2998,2390,608,11.579,10.734,11.688,0.230,0.183,0.047,0.840,0.670,0.170,0.125,0.099,0.025,15076,18812,1.154,1.440,432,,low,1985.0626,34.898,6.068,3.552,large,73
202,10,8,2,1960,802,10,12,-2,11.551,10.681,11.683,0.005,0.006,-0.001,1.000,1.200,-0.200,0.012,0.015,-0.002,164,1734,0.084,0.885,4,,low,1995.0404,41.000,1.386,3.714,small,31
203,487772,480260,7512,1863889,1795366,55137,19479,35658,11.977,11.051,11.946,0.030,0.010,0.019,0.113,0.040,0.073,0.031,0.011,0.020,771128,2413100,0.414,1.295,14317,0.411,high,1988.1012,53.861,9.569,3.986,large,92
204,39,35,4,3021,3497,54,30,24,11.551,10.681,11.683,0.018,0.010,0.008,1.385,0.769,0.615,0.015,0.009,0.007,1334,2614,0.442,0.865,,,low,1989.1003,,,,small,59
205,85,83,2,2562,3497,-24,-43,19,11.551,10.680,11.683,-0.009,-0.017,0.007,-0.282,-0.506,0.224,-0.007,-0.012,0.005,1336,2711,0.521,1.058,,,low,1989.1003,,,,small,70
206,15539,15205,334,38723,59042,-3122,-2871,-251,11.520,10.612,11.681,-0.081,-0.074,-0.006,-0.201,-0.185,-0.016,-0.053,-0.049,-0.004,12271,23762,0.317,0.614,226,0.354,low,1998.052,54.296,5.421,3.994,large,89
207,2590,2539,51,5332,10231,-417,-390,-27,11.547,10.672,11.682,-0.078,-0.073,-0.005,-0.161,-0.151,-0.010,-0.041,-0.038,-0.003,2926,3559,0.549,0.667,,,low,1990.0103,,,,small,70
208,1270,809,461,3288,2861,220,533,-313,11.553,10.693,11.680,0.067,0.162,-0.095,0.173,0.420,-0.246,0.077,0.186,-0.109,3030,4169,0.922,1.268,,0.469,high,1997.011,,,,small,92
209,378,55,323,1177,1473,201,-2,203,11.553,10.681,11.684,0.171,-0.002,0.172,0.532,-0.005,0.537,0.136,-0.001,0.138,597,3832,0.507,3.256,,0.385,low,,,,,small,76
210,3373,2971,402,36245,23297,81,253,-172,11.552,10.686,11.681,0.002,0.007,-0.005,0.024,0.075,-0.051,0.003,0.011,-0.007,13799,27320,0.381,0.754,282,0.417,high,1990.033,48.933,5.642,3.890,large,77
211,1262,1233,29,3580,3593,455,437,18,11.555,10.691,11.683,0.127,0.122,0.005,0.361,0.346,0.014,0.127,0.122,0.005,2409,3685,0.673,1.029,,0.421,high,1990.0413,,,,small,95
212,474,385,89,1608,2232,21,92,-71,11.551,10.683,11.682,0.013,0.057,-0.044,0.044,0.194,-0.150,0.009,0.041,-0.032,1088,1535,0.677,0.955,,,low,1997.0319,,,,small,73
213,2969,2268,701,7541,10724,269,-120,389,11.553,10.678,11.686,0.036,-0.016,0.052,0.091,-0.040,0.131,0.025,-0.011,0.036,4674,7431,0.620,0.985,133,,low,1991.0104,35.143,4.890,3.559,small,74
214,4591,4414,177,8982,11162,280,42,238,11.554,10.682,11.685,0.031,0.005,0.026,0.061,0.009,0.052,0.025,0.004,0.021,7958,5296,0.886,0.590,165,0.344,low,1991.0104,48.230,5.106,3.876,large,88
215,87575,58255,29320,321176,219137,-18081,-3865,-14216,11.360,10.588,11.555,-0.056,-0.012,-0.044,-0.206,-0.044,-0.162,-0.083,-0.018,-0.065,110459,107044,0.344,0.333,1979,0.344,low,,55.816,7.590,4.022,large,93
216,18,17,1,1938,1009,112,28,84,11.552,10.681,11.683,0.058,0.014,0.043,6.222,1.556,4.667,0.111,0.028,0.083,1054,1578,0.544,0.814,,0.435,high,1998.0128,,,,small,77
217,174,100,74,2942,1432,17,56,-39,11.551,10.682,11.682,0.006,0.019,-0.013,0.098,0.322,-0.224,0.012,0.039,-0.027,2019,3624,0.686,1.232,,0.388,low,1992.013,,,,small,75
218,659,395,264,6885,4136,-39,-20,-19,11.550,10.680,11.683,-0.006,-0.003,-0.003,-0.059,-0.030,-0.029,-0.009,-0.005,-0.005,5823,12180,0.846,1.769,170,0.339,low,1997.0526,34.253,5.136,3.534,small,97
219,350,204,146,1445,1648,-217,-135,-82,11.549,10.678,11.682,-0.150,-0.093,-0.057,-0.620,-0.386,-0.234,-0.132,-0.082,-0.050,2699,2168,1.868,1.500,54,,low,1987.0908,49.981,3.989,3.912,small,70
220,76,75,1,6019,5264,55,52,3,11.551,10.682,11.683,0.009,0.009,0.000,0.724,0.684,0.039,0.010,0.010,0.001,2298,5483,0.382,0.911,,,low,1987.0912,,,,small,63
221,1151,969,182,9686,5436,-211,-328,117,11.549,10.673,11.684,-0.022,-0.034,0.012,-0.183,-0.285,0.102,-0.039,-0.060,0.022,1283,24848,0.132,2.565,,0.314,low,1987.092,,,,small,85
222,3446,1078,2368,24758,17706,-1134,1116,-2250,11.540,10.706,11.664,-0.046,0.045,-0.091,-0.329,0.324,-0.653,-0.064,0.063,-0.127,15920,26716,0.643,1.079,365,0.426,high,,43.616,5.900,3.775,large,84
223,1482,1386,96,18881,14825,-225,-185,-40,11.549,10.676,11.682,-0.012,-0.010,-0.002,-0.152,-0.125,-0.027,-0.015,-0.012,-0.003,15029,9552,0.796,0.506,307,,low,1987.1112,48.954,5.727,3.891,large,29
224,447,431,16,532,761,-31,-179,148,11.551,10.677,11.684,-0.058,-0.336,0.278,-0.069,-0.400,0.331,-0.041,-0.235,0.194,714,513,1.342,0.964,,0.478,high,1992.0728,,,,small,87
225,210040,207950,2090,1390580,605723,3640,5046,-1406,11.585,10.790,11.671,0.003,0.004,-0.001,0.017,0.024,-0.007,0.006,0.008,-0.002,800888,344926,0.576,0.248,22928,0.421,high,1983.0208,34.931,10.040,3.553,large,92
226,157,42,115,454,724,26,-20,46,11.551,10.680,11.683,0.057,-0.044,0.101,0.166,-0.127,0.293,0.036,-0.028,0.064,424,534,0.934,1.176,,0.350,low,1992.0924,,,,small,80
227,465,416,49,3312,2316,-29,-45,16,11.551,10.680,11.683,-0.009,-0.014,0.005,-0.062,-0.097,0.034,-0.013,-0.019,0.007,1623,2678,0.490,0.809,,0.401,low,1992.1216,,,,small,79
228,784,781,3,5539,9367,1483,1139,344,11.565,10.706,11.686,0.268,0.206,0.062,1.892,1.453,0.439,0.158,0.122,0.037,3030,2602,0.547,0.470,95,0.447,high,,31.895,4.554,3.462,small,85
229,229320,217589,11731,650507,453079,35272,43749,-8477,11.843,11.377,11.608,0.054,0.067,-0.013,0.154,0.191,-0.037,0.078,0.097,-0.019,91295,334187,0.140,0.514,2489,0.250,low,1988.0225,36.679,7.820,3.602,large,87
230,63,56,7,1126,985,28,19,9,11.551,10.681,11.683,0.025,0.017,0.008,0.444,0.302,0.143,0.028,0.019,0.009,883,1014,0.784,0.901,,,low,1988.0308,,,,small,71
231,80414,53549,26865,187119,211654,-11090,-2022,-9068,11.438,10.633,11.603,-0.059,-0.011,-0.048,-0.138,-0.025,-0.113,-0.052,-0.010,-0.043,121769,125136,0.651,0.669,3053,0.400,low,,39.885,8.024,3.686,large,91
232,231,189,42,18859,10454,1539,176,1363,11.566,10.685,11.694,0.082,0.009,0.072,6.662,0.762,5.900,0.147,0.017,0.130,4937,10730,0.262,0.569,96,0.378,low,1989.0726,51.427,4.564,3.940,large,79
233,5507,2669,2838,30871,21353,-2248,7,-2255,11.529,10.681,11.663,-0.073,0.000,-0.073,-0.408,0.001,-0.409,-0.105,0.000,-0.106,29489,36747,0.955,1.190,487,0.437,high,1999.0416,60.552,6.188,4.104,large,94
234,21213,12922,8291,95756,137043,24882,13782,11100,11.766,10.956,11.772,0.260,0.144,0.116,1.173,0.650,0.523,0.182,0.101,0.081,83020,45958,0.867,0.480,1645,0.433,high,1997.1224,50.468,7.405,3.921,large,86
235,34,33,1,670,468,110,16,94,11.552,10.681,11.684,0.164,0.024,0.140,3.235,0.471,2.765,0.235,0.034,0.201,515,666,0.769,0.994,,,low,1998.0116,,,,small,61
236,1892,1870,22,6560,5188,690,660,30,11.557,10.696,11.683,0.105,0.101,0.005,0.365,0.349,0.016,0.133,0.127,0.006,2515,7477,0.383,1.140,79,,low,1988.0914,31.835,4.369,3.461,small,71
237,2020,1768,252,28334,18119,-579,-528,-51,11.545,10.668,11.682,-0.020,-0.019,-0.002,-0.287,-0.261,-0.025,-0.032,-0.029,-0.003,8993,37138,0.317,1.311,225,0.385,low,1998.0408,39.969,5.416,3.688,large,85
238,1661,1107,554,2876,2825,-100,-32,-68,11.550,10.680,11.682,-0.035,-0.011,-0.024,-0.060,-0.019,-0.041,-0.035,-0.011,-0.024,2614,1491,0.909,0.518,,0.317,low,2000.0225,,,,small,80
239,160,23,137,1551,1142,170,-14,184,11.552,10.680,11.684,0.110,-0.009,0.119,1.063,-0.088,1.150,0.149,-0.012,0.161,838,1020,0.540,0.658,,,low,2000.0308,,,,small,70
240,2626,2447,179,11993,8895,-611,-466,-145,11.545,10.670,11.681,-0.051,-0.039,-0.012,-0.233,-0.177,-0.055,-0.069,-0.052,-0.016,11199,7082,0.934,0.591,325,0.397,low,1989.0225,34.458,5.784,3.540,large,77
241,2611,2539,72,66586,51404,123,43,80,11.552,10.682,11.683,0.002,0.001,0.001,0.047,0.016,0.031,0.002,0.001,0.002,33497,36992,0.503,0.556,623,0.435,high,1998.0612,53.767,6.435,3.985,large,81
242,895,870,25,4516,3816,274,234,40,11.553,10.686,11.683,0.061,0.052,0.009,0.306,0.261,0.045,0.072,0.061,0.010,3830,3028,0.848,0.671,118,,low,1987.1216,32.458,4.771,3.480,small,70
243,1043,1009,34,3449,2880,-87,-61,-26,11.550,10.679,11.682,-0.025,-0.018,-0.008,-0.083,-0.058,-0.025,-0.030,-0.021,-0.009,3020,4008,0.876,1.162,62,0.350,low,1989.032,48.710,4.127,3.886,small,90
244,79,63,16,3019,2439,4,12,-8,11.551,10.681,11.683,0.001,0.004,-0.003,0.051,0.152,-0.101,0.002,0.005,-0.003,1632,3098,0.541,1.026,,0.366,low,1989.0414,,,,small,89
245,16,14,2,393,170,22,24,-2,11.551,10.681,11.683,0.056,0.061,-0.005,1.375,1.500,-0.125,0.129,0.141,-0.012,270,512,0.687,1.303,,,low,1989.0416,,,,small,64
246,222,88,134,2528,1957,16,-17,33,11.551,10.680,11.683,0.006,-0.007,0.013,0.072,-0.077,0.149,0.008,-0.009,0.017,1564,2054,0.619,0.813,46,0.407,high,2000.0924,34.000,3.829,3.526,small,90
247,2591,2401,190,30876,20522,3492,3615,-123,11.584,10.760,11.682,0.113,0.117,-0.004,1.348,1.395,-0.047,0.170,0.176,-0.006,15808,37696,0.512,1.221,440,0.401,low,1988.0125,35.927,6.087,3.581,large,88
248,151786,40624,111162,343970,420172,47681,25852,21829,11.929,11.147,11.852,0.139,0.075,0.063,0.314,0.170,0.144,0.113,0.062,0.052,119341,217596,0.347,0.633,2711,0.383,low,,44.021,7.905,3.785,large,77
249,405,81,324,2478,900,20,34,-14,11.551,10.681,11.683,0.008,0.014,-0.006,0.049,0.084,-0.035,0.022,0.038,-0.016,913,1944,0.368,0.785,,,low,1998.1104,,,,small,31
250,73,45,28,1369,2292,200,-11,211,11.553,10.680,11.684,0.146,-0.008,0.154,2.740,-0.151,2.890,0.087,-0.005,0.092,1790,2778,1.308,2.029,48,,low,1995.1216,37.292,3.871,3.619,small,70
251,23865,931,22934,38382,49866,-4120,-810,-3310,11.510,10.662,11.654,-0.107,-0.021,-0.086,-0.173,-0.034,-0.139,-0.083,-0.016,-0.066,16671,82804,0.434,2.157,282,0.375,low,1998.1028,59.117,5.642,4.080,large,95
252,19097,18989,108,52348,55460,-5317,-5251,-66,11.498,10.552,11.682,-0.102,-0.100,-0.001,-0.278,-0.275,-0.003,-0.096,-0.095,-0.001,36753,60572,0.702,1.157,757,,low,1989.0922,48.551,6.629,3.883,large,70
253,23384,11327,12057,132039,247403,-3669,-1296,-2373,11.515,10.650,11.662,-0.028,-0.010,-0.018,-0.157,-0.055,-0.101,-0.015,-0.005,-0.010,64650,191424,0.490,1.450,1710,,low,1988.0312,37.807,7.444,3.632,large,31
254,1063,867,196,14053,10096,2962,2762,200,11.579,10.742,11.684,0.211,0.197,0.014,2.786,2.598,0.188,0.293,0.274,0.020,5907,16118,0.420,1.147,150,0.412,high,2001.0228,39.380,5.011,3.673,small,87
255,554,497,57,3022,2500,-93,-241,148,11.550,10.675,11.684,-0.031,-0.080,0.049,-0.168,-0.435,0.267,-0.037,-0.096,0.059,2498,2452,0.827,0.811,,,low,1996.0808,,,,small,65
256,5588,5522,66,32791,29306,2087,993,1094,11.571,10.703,11.692,0.064,0.030,0.033,0.373,0.178,0.196,0.071,0.034,0.037,16494,54439,0.503,1.660,367,0.392,low,1990.0312,44.943,5.905,3.805,large,77
257,397,252,145,1524,1656,-107,-77,-30,11.550,10.679,11.682,-0.070,-0.051,-0.020,-0.270,-0.194,-0.076,-0.065,-0.046,-0.018,2314,1937,1.518,1.271,61,0.419,high,2001.1031,37.934,4.111,3.636,small,93
258,608,179,429,5263,2976,-24,-25,1,11.551,10.680,11.683,-0.005,-0.005,0.000,-0.039,-0.041,0.002,-0.008,-0.008,0.000,4572,5676,0.869,1.078,,0.418,high,1999.0413,,,,small,75
259,151,150,1,2301,2180,6,7,-1,11.551,10.681,11.683,0.003,0.003,0.000,0.040,0.046,-0.007,0.003,0.003,0.000,1284,2969,0.558,1.290,,0.451,high,2001.1228,,,,small,82
260,1371,256,1115,11905,24698,1845,1659,186,11.568,10.718,11.684,0.155,0.139,0.016,1.346,1.210,0.136,0.075,0.067,0.008,7916,9787,0.665,0.822,191,,low,2000.0104,41.445,5.252,3.724,large,71
261,2193,843,1350,16064,24698,1293,1276,17,11.563,10.710,11.683,0.080,0.079,0.001,0.590,0.582,0.008,0.052,0.052,0.001,8851,11257,0.551,0.701,201,,low,2000.0104,44.035,5.303,3.785,large,73
262,1347,1267,80,5451,5525,952,-953,1905,11.560,10.658,11.699,0.175,-0.175,0.349,0.707,-0.707,1.414,0.172,-0.172,0.345,6639,7207,1.218,1.322,199,0.402,low,1990.1124,33.362,5.293,3.507,small,87
263,201,87,114,606,567,250,98,152,11.553,10.683,11.684,0.413,0.162,0.251,1.244,0.488,0.756,0.441,0.173,0.268,1146,737,1.891,1.216,,,low,1998.0107,,,,small,65
264,66,52,14,1246,1143,57,-20,77,11.551,10.680,11.683,0.046,-0.016,0.062,0.864,-0.303,1.167,0.050,-0.017,0.067,789,1463,0.633,1.174,,0.411,high,1991.0208,,,,small,79
265,6595,2932,3663,13428,14299,1072,1826,-754,11.561,10.722,11.676,0.080,0.136,-0.056,0.163,0.277,-0.114,0.075,0.128,-0.053,8355,7663,0.622,0.571,209,0.305,low,1991.0204,39.976,5.342,3.688,large,78
266,459,354,105,10893,7422,56,-71,127,11.551,10.679,11.684,0.005,-0.007,0.012,0.122,-0.155,0.277,0.008,-0.010,0.017,4842,15412,0.445,1.415,118,0.365,low,1998.1008,41.034,4.771,3.714,small,79
267,818,755,63,2905,3051,-131,-100,-31,11.550,10.678,11.682,-0.045,-0.034,-0.011,-0.160,-0.122,-0.038,-0.043,-0.033,-0.010,3283,4246,1.130,1.462,,0.258,low,1991.08,,,,small,83
268,57,37,20,3616,5928,-26,-10,-16,11.551,10.680,11.683,-0.007,-0.003,-0.004,-0.456,-0.175,-0.281,-0.004,-0.002,-0.003,3382,4661,0.935,1.289,,,low,1998.1215,,,,small,72
269,328,270,58,1725,1122,-90,-46,-44,11.550,10.680,11.682,-0.052,-0.027,-0.026,-0.274,-0.140,-0.134,-0.080,-0.041,-0.039,930,4675,0.539,2.710,32,,low,,29.063,3.466,3.369,small,31
270,828,422,406,17827,29753,284,26,258,11.554,10.681,11.685,0.016,0.001,0.014,0.343,0.031,0.312,0.010,0.001,0.009,14254,14822,0.800,0.831,274,0.386,low,1991.1112,52.022,5.613,3.952,large,84
271,12797,12092,705,26584,28221,-315,-1366,1051,11.548,10.649,11.692,-0.012,-0.051,0.040,-0.025,-0.107,0.082,-0.011,-0.048,0.037,11277,11854,0.424,0.446,175,0.411,high,,64.440,5.165,4.166,large,91
272,83802,81374,2428,345765,396238,-40175,-43504,3329,11.062,0.000,11.710,-0.116,-0.126,0.010,-0.479,-0.519,0.040,-0.101,-0.110,0.008,279217,464965,0.808,1.345,4763,0.411,high,1979.0306,58.622,8.469,4.071,large,82
273,43,34,9,2562,1041,381,-4,385,11.555,10.681,11.686,0.149,-0.002,0.150,8.860,-0.093,8.953,0.366,-0.004,0.370,1437,1003,0.561,0.391,,0.434,high,2000.0504,,,,small,79
274,21452,14529,6923,91281,118404,-2594,-2271,-323,11.526,10.627,11.680,-0.028,-0.025,-0.004,-0.121,-0.106,-0.015,-0.022,-0.019,-0.003,29667,35449,0.325,0.388,689,0.466,high,,43.058,6.535,3.763,large,96
275,325,175,150,16109,10056,511,85,426,11.556,10.683,11.686,0.032,0.005,0.026,1.572,0.262,1.311,0.051,0.008,0.042,4420,13295,0.274,0.825,124,0.333,low,1979.1122,35.645,4.820,3.574,small,85
276,7491,5214,2277,32022,27070,4475,2608,1867,11.593,10.739,11.698,0.140,0.081,0.058,0.597,0.348,0.249,0.165,0.096,0.069,8062,22692,0.252,0.709,191,,low,1993.0708,42.209,5.252,3.743,large,59
277,1566,1258,308,20600,17123,-304,2,-306,11.548,10.681,11.680,-0.015,0.000,-0.015,-0.194,0.001,-0.195,-0.018,0.000,-0.018,14382,5742,0.698,0.279,294,0.350,low,1993.0126,48.918,5.684,3.890,large,93
278,29197,27256,1941,15950,38753,-2873,-5930,3057,11.523,10.534,11.708,-0.180,-0.372,0.192,-0.098,-0.203,0.105,-0.074,-0.153,0.079,10224,8957,0.641,0.562,264,0.468,high,1980.0104,38.727,5.576,3.657,large,88
279,3756,3685,71,7445,9510,-986,-1004,18,11.541,10.657,11.683,-0.132,-0.135,0.002,-0.263,-0.267,0.005,-0.104,-0.106,0.002,4813,5402,0.646,0.726,107,0.398,low,2001.0502,44.981,4.673,3.806,small,85
280,328,84,244,655,938,-19,21,-40,11.551,10.681,11.682,-0.029,0.032,-0.061,-0.058,0.064,-0.122,-0.020,0.022,-0.043,568,1661,0.867,2.536,,,low,2001.0706,,,,small,61
281,222,189,33,7828,8496,507,69,438,11.556,10.682,11.686,0.065,0.009,0.056,2.284,0.311,1.973,0.060,0.008,0.052,5902,8656,0.754,1.106,178,0.424,high,2001.0612,33.157,5.182,3.501,large,80
282,534,531,3,3864,3097,550,49,501,11.556,10.682,11.687,0.142,0.013,0.130,1.030,0.092,0.938,0.178,0.016,0.162,4056,6140,1.050,1.589,,0.393,low,1993.1016,,,,small,78
283,238,102,136,3235,4928,255,23,232,11.553,10.681,11.685,0.079,0.007,0.072,1.071,0.097,0.975,0.052,0.005,0.047,623,2965,0.193,0.917,,0.438,high,1992.0511,,,,small,75
284,273,186,87,5211,4999,171,-18,189,11.552,10.680,11.684,0.033,-0.003,0.036,0.626,-0.066,0.692,0.034,-0.004,0.038,5057,4469,0.970,0.858,,0.415,high,,,,,small,83
285,1079,854,225,73807,34899,570,132,438,11.556,10.684,11.686,0.008,0.002,0.006,0.528,0.122,0.406,0.016,0.004,0.013,5826,21875,0.079,0.296,134,0.415,high,2002.0416,43.478,4.898,3.772,small,75
286,1899,757,1142,7365,7682,-664,395,-1059,11.544,10.690,11.674,-0.090,0.054,-0.144,-0.350,0.208,-0.558,-0.086,0.051,-0.138,7839,8885,1.064,1.206,259,,low,1994.0314,30.266,5.557,3.410,large,69
287,993,591,402,5796,4003,-92,79,-171,11.550,10.682,11.681,-0.016,0.014,-0.030,-0.093,0.080,-0.172,-0.023,0.020,-0.043,6879,5069,1.187,0.875,134,,low,1980.1016,51.336,4.898,3.938,small,49
288,884,98,786,5164,5092,-385,-20,-365,11.547,10.680,11.680,-0.075,-0.004,-0.071,-0.436,-0.023,-0.413,-0.076,-0.004,-0.072,4220,5323,0.817,1.031,,,low,1994.0328,,,,small,67
289,214,108,106,940,627,361,443,-82,11.554,10.691,11.682,0.384,0.471,-0.087,1.687,2.070,-0.383,0.576,0.707,-0.131,1575,1673,1.676,1.780,,0.388,low,1997.0219,,,,small,80
290,152,118,34,1871,1099,39,1,38,11.551,10.681,11.683,0.021,0.001,0.020,0.257,0.007,0.250,0.035,0.001,0.035,2447,2297,1.308,1.228,56,,low,1994.0504,43.696,4.025,3.777,small,68
291,168,138,30,3490,1989,15,-42,57,11.551,10.680,11.683,0.004,-0.012,0.016,0.089,-0.250,0.339,0.008,-0.021,0.029,1643,3571,0.471,1.023,,0.493,high,1993.0928,,,,small,91
292,126,109,17,2158,1221,366,134,232,11.554,10.684,11.685,0.170,0.062,0.108,2.905,1.063,1.841,0.300,0.110,0.190,1012,2229,0.469,1.033,,0.438,high,1995.0118,,,,small,75
293,163,163,0,1865,1589,122,-84,206,11.552,10.679,11.684,0.065,-0.045,0.110,0.748,-0.515,1.264,0.077,-0.053,0.130,1678,3061,0.900,1.641,28,0.392,low,2002.0624,59.929,3.332,4.093,small,80
294,7,7,0,711,555,6,4,2,11.551,10.681,11.683,0.008,0.006,0.003,0.857,0.571,0.286,0.011,0.007,0.004,0,578,0.000,0.813,,0.448,high,2002.071,,,,small,92
295,229,174,55,3985,1605,532,3,529,11.556,10.681,11.687,0.134,0.001,0.133,2.323,0.013,2.310,0.331,0.002,0.330,2944,12041,0.739,3.022,76,0.374,low,,38.737,4.331,3.657,small,86
296,221,106,115,3142,2973,-13,-51,38,11.551,10.679,11.683,-0.004,-0.016,0.012,-0.059,-0.231,0.172,-0.004,-0.017,0.013,2102,1990,0.669,0.633,,0.401,low,1995.06,,,,small,94
297,83,76,7,2229,1921,146,-29,175,11.552,10.680,11.684,0.066,-0.013,0.079,1.759,-0.349,2.108,0.076,-0.015,0.091,2724,2219,1.222,0.996,,0.413,high,1994.1012,,,,small,79
298,902,362,540,6462,7710,-247,-178,-69,11.548,10.677,11.682,-0.038,-0.028,-0.011,-0.274,-0.197,-0.076,-0.032,-0.023,-0.009,5075,16284,0.785,2.520,106,,low,1994.1206,47.877,4.663,3.869,small,31
299,16661,10829,5832,151574,135398,-2436,1134,-3570,11.527,10.706,11.652,-0.016,0.007,-0.024,-0.146,0.068,-0.214,-0.018,0.008,-0.026,72454,144356,0.478,0.952,1824,,low,1995.0208,39.723,7.509,3.682,large,53
300,4685,4638,47,27168,22859,3187,2617,570,11.581,10.739,11.688,0.117,0.096,0.021,0.680,0.559,0.122,0.139,0.114,0.025,15201,30073,0.560,1.107,420,0.427,high,1973.0516,36.193,6.040,3.589,large,78
301,399,396,3,6139,4341,369,314,55,11.554,10.688,11.683,0.060,0.051,0.009,0.925,0.787,0.138,0.085,0.072,0.013,5522,5815,0.899,0.947,156,0.432,high,1996.0802,35.397,5.050,3.567,small,79
302,1254,558,696,8432,14466,-273,-62,-211,11.548,10.679,11.681,-0.032,-0.007,-0.025,-0.218,-0.049,-0.168,-0.019,-0.004,-0.015,11190,15033,1.327,1.783,181,0.386,low,2003.1118,61.823,5.198,4.124,large,88
303,829,621,208,5297,3339,128,158,-30,11.552,10.684,11.682,0.024,0.030,-0.006,0.154,0.191,-0.036,0.038,0.047,-0.009,5345,10832,1.009,2.045,,,low,1997.0626,,,,small,48
304,94928,31450,63478,270660,200189,36656,31168,5488,11.853,11.221,11.728,0.135,0.115,0.020,0.386,0.328,0.058,0.183,0.156,0.027,148333,73713,0.548,0.272,3725,0.392,low,1994.1003,39.821,8.223,3.684,large,90
305,78,68,10,3387,1820,102,98,4,11.552,10.683,11.683,0.030,0.029,0.001,1.308,1.256,0.051,0.056,0.054,0.002,2360,3726,0.697,1.100,,,low,1997.1108,,,,small,34
306,163,84,79,1425,1163,-72,-16,-56,11.550,10.680,11.682,-0.051,-0.011,-0.039,-0.442,-0.098,-0.344,-0.062,-0.014,-0.048,1851,1630,1.299,1.144,,0.337,low,1985.0924,,,,small,95
307,1778,1633,145,4004,3282,-516,-434,-82,11.546,10.671,11.682,-0.129,-0.108,-0.020,-0.290,-0.244,-0.046,-0.157,-0.132,-0.025,2048,3072,0.511,0.767,,,low,1995.0404,,,,small,70
308,400,120,280,2587,2624,125,-35,160,11.552,10.680,11.684,0.048,-0.014,0.062,0.313,-0.088,0.400,0.048,-0.013,0.061,1097,1719,0.424,0.664,,0.411,high,1998.0204,,,,small,82
309,4935,559,4376,6927,16815,-443,-199,-244,11.547,10.676,11.681,-0.064,-0.029,-0.035,-0.090,-0.040,-0.049,-0.026,-0.012,-0.015,15384,17694,2.221,2.554,279,,low,1989.0404,55.140,5.631,4.010,large,71
310,3090,3031,59,9414,8386,1573,1411,162,11.566,10.713,11.684,0.167,0.150,0.017,0.509,0.457,0.052,0.188,0.168,0.019,7996,17782,0.849,1.889,181,,low,1999.021,44.177,5.198,3.788,large,50
311,212,192,20,5905,4004,228,164,64,11.553,10.684,11.683,0.039,0.028,0.011,1.075,0.774,0.302,0.057,0.041,0.016,4489,4209,0.760,0.713,,0.441,high,1999.0308,,,,small,75
312,1115,334,781,4426,2770,-191,235,-426,11.549,10.686,11.679,-0.043,0.053,-0.096,-0.171,0.211,-0.382,-0.069,0.085,-0.154,3191,3280,0.721,0.741,,0.413,high,1999.1206,,,,small,77
313,1247,239,1008,16542,12558,-490,17,-507,11.546,10.681,11.678,-0.030,0.001,-0.031,-0.393,0.014,-0.407,-0.039,0.001,-0.040,12185,13294,0.737,0.804,225,0.364,low,,54.156,5.416,3.992,large,77
314,44,24,20,950,657,2,2,0,11.551,10.681,11.683,0.002,0.002,0.000,0.045,0.045,0.000,0.003,0.003,0.000,705,856,0.742,0.901,,,low,2001.0208,,,,small,42
315,26,25,1,308,219,-4,-6,2,11.551,10.680,11.683,-0.013,-0.019,0.006,-0.154,-0.231,0.077,-0.018,-0.027,0.009,273,512,0.886,1.662,,0.404,low,,,,,small,83
316,257,181,76,5403,2804,145,28,117,11.552,10.681,11.684,0.027,0.005,0.022,0.564,0.109,0.455,0.052,0.010,0.042,3235,6625,0.599,1.226,97,0.299,low,2001.0424,33.351,4.575,3.507,small,85
317,2626,986,1640,5140,6284,-61,-5,-56,11.550,10.681,11.682,-0.012,-0.001,-0.011,-0.023,-0.002,-0.021,-0.010,-0.001,-0.009,5655,7355,1.100,1.431,,0.434,high,2002.0618,,,,small,78
318,1957,1400,557,41939,29296,234,-235,469,11.553,10.675,11.687,0.006,-0.006,0.011,0.120,-0.120,0.240,0.008,-0.008,0.016,26759,54354,0.638,1.296,748,,low,2002.07,35.774,6.617,3.577,large,50
319,76,71,5,280,257,59,64,-5,11.551,10.682,11.683,0.211,0.229,-0.018,0.776,0.842,-0.066,0.230,0.249,-0.019,459,179,1.639,0.639,,0.449,high,2002.1204,,,,small,80
320,52516,22722,29794,130017,163395,-3085,-17436,14351,11.521,10.169,11.797,-0.024,-0.134,0.110,-0.059,-0.332,0.273,-0.019,-0.107,0.088,25833,116117,0.199,0.893,592,,low,1982.122,43.637,6.384,3.776,large,69
321,3542,2125,1417,35814,25326,6214,4946,1268,11.609,10.788,11.693,0.174,0.138,0.035,1.754,1.396,0.358,0.245,0.195,0.050,29932,42987,0.836,1.200,747,0.346,low,2003.0608,40.070,6.616,3.691,large,79
322,1143,857,286,30910,27333,1274,59,1215,11.563,10.682,11.693,0.041,0.002,0.039,1.115,0.052,1.063,0.047,0.002,0.044,17384,18239,0.562,0.590,405,0.415,high,1980.0508,42.923,6.004,3.759,large,80
323,570,366,204,6699,5935,1920,1396,524,11.569,10.712,11.687,0.287,0.208,0.078,3.368,2.449,0.919,0.324,0.235,0.088,5876,6715,0.877,1.002,129,0.401,low,1980.1,45.550,4.860,3.819,small,88
324,1919,1616,303,10514,7939,-413,-194,-219,11.547,10.676,11.681,-0.039,-0.018,-0.021,-0.215,-0.101,-0.114,-0.052,-0.024,-0.028,5746,6399,0.547,0.609,,,low,1980.1216,,,,small,69
325,80,39,41,1670,1086,27,47,-20,11.551,10.682,11.683,0.016,0.028,-0.012,0.338,0.588,-0.250,0.025,0.043,-0.018,946,2563,0.566,1.535,,,low,,,,,small,64
326,189,79,110,2298,1455,-102,4,-106,11.550,10.681,11.682,-0.044,0.002,-0.046,-0.540,0.021,-0.561,-0.070,0.003,-0.073,1550,3651,0.674,1.589,41,,low,1982.0524,37.805,3.714,3.632,small,70
327,7628,7483,145,51041,70642,-186,-194,8,11.549,10.676,11.683,-0.004,-0.004,0.000,-0.024,-0.025,0.001,-0.003,-0.003,0.000,22454,25414,0.440,0.498,484,,low,1982.0706,46.393,6.182,3.837,large,69
328,35,25,10,387,503,-35,-25,-10,11.551,10.680,11.683,-0.090,-0.065,-0.026,-1.000,-0.714,-0.286,-0.070,-0.050,-0.020,193,123,0.499,0.318,,,low,2001.091,,,,small,37
329,2646,2360,286,21257,13692,-338,-425,87,11.548,10.671,11.683,-0.016,-0.020,0.004,-0.128,-0.161,0.033,-0.025,-0.031,0.006,16501,15382,0.776,0.724,400,0.269,low,2001.1012,41.253,5.991,3.720,large,92
330,1528,194,1334,9605,5461,1517,-27,1544,11.565,10.680,11.696,0.158,-0.003,0.161,0.993,-0.018,1.010,0.278,-0.005,0.283,4940,7014,0.514,0.730,188,,low,2002.0627,26.277,5.236,3.269,small,66
331,2196,1408,788,9981,7189,-221,-160,-61,11.549,10.677,11.682,-0.022,-0.016,-0.006,-0.101,-0.073,-0.028,-0.031,-0.022,-0.008,7699,16499,0.771,1.653,251,,low,,30.673,5.525,3.423,large,71
332,720,450,270,1837,1712,329,336,-7,11.554,10.688,11.683,0.179,0.183,-0.004,0.457,0.467,-0.010,0.192,0.196,-0.004,1699,1725,0.925,0.939,,0.410,high,2002.0918,,,,small,89
333,21,20,1,2027,1316,75,6,69,11.552,10.681,11.683,0.037,0.003,0.034,3.571,0.286,3.286,0.057,0.005,0.052,2527,1501,1.247,0.741,70,0.391,low,1983.1014,36.100,4.248,3.586,small,78
334,3524,3326,198,9327,9485,3452,3233,219,11.584,10.752,11.685,0.370,0.347,0.023,0.980,0.917,0.062,0.364,0.341,0.023,3439,5514,0.369,0.591,115,,low,1985.0721,29.904,4.745,3.398,large,61
335,676,580,96,8335,5627,710,17,693,11.558,10.681,11.689,0.085,0.002,0.083,1.050,0.025,1.025,0.126,0.003,0.123,3135,5948,0.376,0.714,84,0.410,high,1986.1104,37.321,4.431,3.620,small,88
336,1675,1172,503,16021,9122,-418,-75,-343,11.547,10.679,11.680,-0.026,-0.005,-0.021,-0.250,-0.045,-0.205,-0.046,-0.008,-0.038,12493,11981,0.780,0.748,336,0.391,low,1987.0304,37.182,5.817,3.616,large,82
337,2118,2078,40,19407,12452,2290,2308,-18,11.573,10.732,11.683,0.118,0.119,-0.001,1.081,1.090,-0.008,0.184,0.185,-0.001,12515,7646,0.645,0.394,362,,low,1987.1104,34.572,5.892,3.543,large,48
338,407,401,6,9693,11778,-45,-52,7,11.550,10.679,11.683,-0.005,-0.005,0.001,-0.111,-0.128,0.017,-0.004,-0.004,0.001,8124,6291,0.838,0.649,152,0.439,high,1989.0627,53.447,5.024,3.979,large,91
339,129,104,25,2398,1475,67,82,-15,11.551,10.683,11.683,0.028,0.034,-0.006,0.519,0.636,-0.116,0.045,0.056,-0.010,1644,2754,0.686,1.148,41,,low,1991.0116,40.098,3.714,3.691,small,67
340,362,294,68,5709,2899,97,-39,136,11.552,10.680,11.684,0.017,-0.007,0.024,0.268,-0.108,0.376,0.033,-0.013,0.047,3204,6597,0.561,1.156,51,0.401,low,1991.0226,62.824,3.932,4.140,small,87
341,694,73,621,4000,3583,53,54,-1,11.551,10.682,11.683,0.013,0.014,0.000,0.076,0.078,-0.001,0.015,0.015,0.000,2345,4973,0.586,1.243,,0.451,high,1991.0422,,,,small,89
342,1259,1157,102,7178,5601,2493,1898,595,11.575,10.723,11.688,0.347,0.264,0.083,1.980,1.508,0.473,0.445,0.339,0.106,5894,10934,0.821,1.523,176,0.379,low,1991.0614,33.489,5.170,3.511,small,80
343,9452,8356,1096,24459,26502,6895,3420,3475,11.615,10.756,11.712,0.282,0.140,0.142,0.729,0.362,0.368,0.260,0.129,0.131,19769,25070,0.808,1.025,490,0.424,high,2003.1002,40.345,6.194,3.697,large,89
344,298,252,46,1034,1189,353,-36,389,11.554,10.680,11.686,0.341,-0.035,0.376,1.185,-0.121,1.305,0.297,-0.030,0.327,655,1128,0.633,1.091,,0.433,high,1994.0408,,,,small,76
345,48,28,20,11796,12094,453,158,295,11.555,10.684,11.685,0.038,0.013,0.025,9.438,3.292,6.146,0.037,0.013,0.024,2017,53747,0.171,4.556,,,low,1994.122,,,,small,68
346,7443,267,7176,33039,41237,-768,-5,-763,11.543,10.681,11.676,-0.023,0.000,-0.023,-0.103,-0.001,-0.103,-0.019,0.000,-0.019,17764,24404,0.538,0.739,229,0.389,low,1997.0306,77.572,5.434,4.351,large,81
347,63034,58149,4885,483317,314245,-7051,-2901,-4150,11.481,10.612,11.647,-0.015,-0.006,-0.009,-0.112,-0.046,-0.066,-0.022,-0.009,-0.013,242483,239412,0.502,0.495,6325,0.456,high,1985.0614,38.337,8.752,3.646,large,88
348,9770,2624,7146,85717,87693,-3445,-112,-3333,11.517,10.678,11.654,-0.040,-0.001,-0.039,-0.353,-0.011,-0.341,-0.039,-0.001,-0.038,58869,70710,0.687,0.825,1370,0.387,low,1992.013,42.970,7.223,3.761,large,85
349,2227,2065,162,8266,6775,707,787,-80,11.558,10.699,11.682,0.086,0.095,-0.010,0.317,0.353,-0.036,0.104,0.116,-0.012,3057,4360,0.370,0.527,74,0.467,high,1983.0225,41.311,4.304,3.721,small,92
350,11161,10510,651,73763,75434,1549,2057,-508,11.566,10.727,11.678,0.021,0.028,-0.007,0.139,0.184,-0.046,0.021,0.027,-0.007,67876,53774,0.920,0.729,1576,0.475,high,1983.1102,43.069,7.363,3.763,large,80
351,11492,11252,240,41052,65381,-1639,-1519,-120,11.535,10.645,11.682,-0.040,-0.037,-0.003,-0.143,-0.132,-0.010,-0.025,-0.023,-0.002,22856,17317,0.557,0.422,486,0.449,high,1986.0516,47.029,6.186,3.851,large,88
352,1126,985,141,30938,22915,-63,-49,-14,11.550,10.680,11.683,-0.002,-0.002,0.000,-0.056,-0.044,-0.012,-0.003,-0.002,-0.001,6113,12789,0.198,0.413,,0.359,low,1995.0107,,,,large,77
353,494378,185503,308875,773040,1123660,-103863,14641,-118504,0.000,10.971,0.000,-0.134,0.019,-0.153,-0.210,0.030,-0.240,-0.092,0.013,-0.105,228332,417427,0.295,0.540,3475,0.399,low,1995.0316,65.707,8.153,4.185,large,88
354,41568,40187,1381,161396,272656,-10065,-10486,421,11.449,10.405,11.686,-0.062,-0.065,0.003,-0.242,-0.252,0.010,-0.037,-0.038,0.002,97604,96098,0.605,0.595,2349,0.367,low,1995.0718,41.551,7.762,3.727,large,84
355,16316,9654,6662,73186,76299,1351,2865,-1514,11.564,10.744,11.670,0.018,0.039,-0.021,0.083,0.176,-0.093,0.018,0.038,-0.020,62205,41665,0.850,0.569,1329,,low,,46.806,7.192,3.846,large,72
356,499,225,274,2581,1689,78,224,-146,11.552,10.686,11.681,0.030,0.087,-0.057,0.156,0.449,-0.293,0.046,0.133,-0.086,3591,4892,1.391,1.895,,0.390,low,,,,,large,90